RHEL 7 repoid in CDN,RHEL 8 repoid in CDN,RHEL 8 repo name in PES,RHEL 7 minor versions,RHEL 8 minor versions,architecture,type(rpm/srpm/debuginfo),source product type (ga/beta,htb),target product type (ga/beta/htb)

# Version: 1
# Date: 20210126

# add repomap from centos to anolis
base,anolis-baseos,rhel8-baseos,all,all,x86_64,rpm,ga,ga
base,anolis-appstream,rhel8-appstream,all,all,x86_64,rpm,ga,ga
base,anolis-highavaliability,rhel8-highavailability,all,all,x86_64,rpm,ga,ga
base,anolis-powertools,rhel8-crb,all,all,x86_64,rpm,ga,ga

updates,anolis-baseos,rhel8-baseos,all,all,x86_64,rpm,ga,ga
updates,anolis-appstrema,rhel8-appstream,all,all,x86_64,rpm,ga,ga
updates,anolis-highavaliability,rhel8-highavailability,all,all,x86_64,rpm,ga,ga
updates,anolis-powertools,rhel8-crb,all,all,x86_64,rpm,ga,ga

extras,anolis-baseos,rhel8-baseos,all,all,x86_64,rpm,ga,ga
extras,anolis-appstream,rhel8-appstream,all,all,x86_64,rpm,ga,ga
extras,anolis-highavaliability,rhel8-highavailability,all,all,x86_64,rpm,ga,ga
extras,anolis-powertools,rhel8-crb,all,all,x86_64,rpm,ga,ga

base,anolis-baseos,rhel8-baseos,all,all,aarch64,rpm,ga,ga
base,anolis-appstream,rhel8-appstream,all,all,aarch64,rpm,ga,ga
base,anolis-highavaliability,rhel8-highavailability,all,all,aarch64,rpm,ga,ga
base,anolis-powertools,rhel8-crb,all,all,aarch64,rpm,ga,ga

updates,anolis-baseos,rhel8-baseos,all,all,aarch64,rpm,ga,ga
updates,anolis-appstrema,rhel8-appstream,all,all,aarch64,rpm,ga,ga
updates,anolis-highavaliability,rhel8-highavailability,all,all,aarch64,rpm,ga,ga
updates,anolis-powertools,rhel8-crb,all,all,aarch64,rpm,ga,ga

extras,anolis-baseos,rhel8-baseos,all,all,aarch64,rpm,ga,ga
extras,anolis-appstream,rhel8-appstream,all,all,aarch64,rpm,ga,ga
extras,anolis-highavaliability,rhel8-highavailability,all,all,aarch64,rpm,ga,ga
extras,anolis-powertools,rhel8-crb,all,all,aarch64,rpm,ga,ga

# x86_64
rhel-7-server-rpms,rhel-8-for-x86_64-baseos-rpms,rhel8-baseos,all,all,x86_64,rpm,ga,ga
rhel-7-server-rpms,rhel-8-for-x86_64-baseos-beta-rpms,rhel8-baseos,all,all,x86_64,rpm,ga,beta
rhel-7-server-rpms,rhel-8-for-x86_64-baseos-htb-rpms,rhel8-baseos,all,all,x86_64,rpm,ga,htb
rhel-7-server-e4s-rpms,rhel-8-for-x86_64-baseos-beta-rpms,rhel8-baseos,all,all,x86_64,rpm,ga,beta
rhel-7-server-e4s-rpms,rhel-8-for-x86_64-baseos-htb-rpms,rhel8-baseos,all,all,x86_64,rpm,ga,htb
rhel-7-server-e4s-rpms,rhel-8-for-x86_64-baseos-e4s-rpms,rhel8-baseos,all,all,x86_64,rpm,ga,ga
rhel-7-server-eus-rpms,rhel-8-for-x86_64-baseos-rpms,rhel8-baseos,all,all,x86_64,rpm,ga,ga
rhel-7-server-eus-rpms,rhel-8-for-x86_64-baseos-beta-rpms,rhel8-baseos,all,all,x86_64,rpm,ga,beta
rhel-7-server-eus-rpms,rhel-8-for-x86_64-baseos-htb-rpms,rhel8-baseos,all,all,x86_64,rpm,ga,htb
rhel-7-server-eus-rpms,rhel-8-for-x86_64-baseos-eus-rpms,rhel8-baseos,all,all,x86_64,rpm,ga,ga
rhel-7-server-aus-rpms,rhel-8-for-x86_64-baseos-rpms,rhel8-baseos,all,all,x86_64,rpm,ga,ga
rhel-7-server-aus-rpms,rhel-8-for-x86_64-baseos-beta-rpms,rhel8-baseos,all,all,x86_64,rpm,ga,beta
rhel-7-server-aus-rpms,rhel-8-for-x86_64-baseos-htb-rpms,rhel8-baseos,all,all,x86_64,rpm,ga,htb
rhel-7-server-aus-rpms,rhel-8-for-x86_64-baseos-aus-rpms,rhel8-baseos,all,all,x86_64,rpm,ga,ga
rhel-7-server-beta-rpms,rhel-8-for-x86_64-baseos-rpms,rhel8-baseos,all,all,x86_64,rpm,beta,ga
rhel-7-server-beta-rpms,rhel-8-for-x86_64-baseos-beta-rpms,rhel8-baseos,all,all,x86_64,rpm,beta,beta
rhel-7-server-beta-rpms,rhel-8-for-x86_64-baseos-htb-rpms,rhel8-baseos,all,all,x86_64,rpm,beta,htb
rhel-7-server-htb-rpms,rhel-8-for-x86_64-baseos-rpms,rhel8-baseos,all,all,x86_64,rpm,htb,ga
rhel-7-server-htb-rpms,rhel-8-for-x86_64-baseos-beta-rpms,rhel8-baseos,all,all,x86_64,rpm,htb,beta
rhel-7-server-htb-rpms,rhel-8-for-x86_64-baseos-htb-rpms,rhel8-baseos,all,all,x86_64,rpm,htb,htb
rhel-7-server-rpms,rhel-8-for-x86_64-appstream-rpms,rhel8-appstream,all,all,x86_64,rpm,ga,ga
rhel-7-server-rpms,rhel-8-for-x86_64-appstream-beta-rpms,rhel8-appstream,all,all,x86_64,rpm,ga,beta
rhel-7-server-rpms,rhel-8-for-x86_64-appstream-htb-rpms,rhel8-appstream,all,all,x86_64,rpm,ga,htb
rhel-7-server-e4s-rpms,rhel-8-for-x86_64-appstream-beta-rpms,rhel8-appstream,all,all,x86_64,rpm,ga,beta
rhel-7-server-e4s-rpms,rhel-8-for-x86_64-appstream-htb-rpms,rhel8-appstream,all,all,x86_64,rpm,ga,htb
rhel-7-server-e4s-rpms,rhel-8-for-x86_64-appstream-e4s-rpms,rhel8-appstream,all,all,x86_64,rpm,ga,ga
rhel-7-server-eus-rpms,rhel-8-for-x86_64-appstream-rpms,rhel8-appstream,all,all,x86_64,rpm,ga,ga
rhel-7-server-eus-rpms,rhel-8-for-x86_64-appstream-beta-rpms,rhel8-appstream,all,all,x86_64,rpm,ga,beta
rhel-7-server-eus-rpms,rhel-8-for-x86_64-appstream-htb-rpms,rhel8-appstream,all,all,x86_64,rpm,ga,htb
rhel-7-server-eus-rpms,rhel-8-for-x86_64-appstream-eus-rpms,rhel8-appstream,all,all,x86_64,rpm,ga,ga
rhel-7-server-aus-rpms,rhel-8-for-x86_64-appstream-rpms,rhel8-appstream,all,all,x86_64,rpm,ga,ga
rhel-7-server-aus-rpms,rhel-8-for-x86_64-appstream-beta-rpms,rhel8-appstream,all,all,x86_64,rpm,ga,beta
rhel-7-server-aus-rpms,rhel-8-for-x86_64-appstream-htb-rpms,rhel8-appstream,all,all,x86_64,rpm,ga,htb
rhel-7-server-aus-rpms,rhel-8-for-x86_64-appstream-aus-rpms,rhel8-appstream,all,all,x86_64,rpm,ga,ga
rhel-7-server-beta-rpms,rhel-8-for-x86_64-appstream-rpms,rhel8-appstream,all,all,x86_64,rpm,beta,ga
rhel-7-server-beta-rpms,rhel-8-for-x86_64-appstream-beta-rpms,rhel8-appstream,all,all,x86_64,rpm,beta,beta
rhel-7-server-beta-rpms,rhel-8-for-x86_64-appstream-htb-rpms,rhel8-appstream,all,all,x86_64,rpm,beta,htb
rhel-7-server-htb-rpms,rhel-8-for-x86_64-appstream-rpms,rhel8-appstream,all,all,x86_64,rpm,htb,ga
rhel-7-server-htb-rpms,rhel-8-for-x86_64-appstream-beta-rpms,rhel8-appstream,all,all,x86_64,rpm,htb,beta
rhel-7-server-htb-rpms,rhel-8-for-x86_64-appstream-htb-rpms,rhel8-appstream,all,all,x86_64,rpm,htb,htb
rhel-7-server-optional-rpms,codeready-builder-for-rhel-8-x86_64-rpms,rhel8-crb,all,all,x86_64,rpm,ga,ga
rhel-7-server-optional-rpms,codeready-builder-beta-for-rhel-8-x86_64-rpms,rhel8-crb,all,all,x86_64,rpm,ga,beta
rhel-7-server-optional-rpms,codeready-builder-htb-for-rhel-8-x86_64-rpms,rhel8-crb,all,all,x86_64,rpm,ga,htb
rhel-7-server-e4s-optional-rpms,codeready-builder-for-rhel-8-x86_64-rpms,rhel8-crb,all,all,x86_64,rpm,ga,ga
rhel-7-server-e4s-optional-rpms,codeready-builder-beta-for-rhel-8-x86_64-rpms,rhel8-crb,all,all,x86_64,rpm,ga,beta
rhel-7-server-e4s-optional-rpms,codeready-builder-htb-for-rhel-8-x86_64-rpms,rhel8-crb,all,all,x86_64,rpm,ga,htb
rhel-7-server-eus-optional-rpms,codeready-builder-for-rhel-8-x86_64-rpms,rhel8-crb,all,all,x86_64,rpm,ga,ga
rhel-7-server-eus-optional-rpms,codeready-builder-beta-for-rhel-8-x86_64-rpms,rhel8-crb,all,all,x86_64,rpm,ga,beta
rhel-7-server-eus-optional-rpms,codeready-builder-htb-for-rhel-8-x86_64-rpms,rhel8-crb,all,all,x86_64,rpm,ga,htb
rhel-7-server-aus-optional-rpms,codeready-builder-for-rhel-8-x86_64-rpms,rhel8-crb,all,all,x86_64,rpm,ga,ga
rhel-7-server-aus-optional-rpms,codeready-builder-beta-for-rhel-8-x86_64-rpms,rhel8-crb,all,all,x86_64,rpm,ga,beta
rhel-7-server-aus-optional-rpms,codeready-builder-htb-for-rhel-8-x86_64-rpms,rhel8-crb,all,all,x86_64,rpm,ga,htb
rhel-7-server-optional-rpms,codeready-builder-for-rhel-8-x86_64-rpms,rhel8-crb,all,all,x86_64,rpm,ga,ga
rhel-7-server-optional-rpms,codeready-builder-beta-for-rhel-8-x86_64-rpms,rhel8-crb,all,all,x86_64,rpm,ga,beta
rhel-7-server-optional-rpms,codeready-builder-htb-for-rhel-8-x86_64-rpms,rhel8-crb,all,all,x86_64,rpm,ga,htb
rhel-7-server-optional-beta-rpms,codeready-builder-for-rhel-8-x86_64-rpms,rhel8-crb,all,all,x86_64,rpm,beta,ga
rhel-7-server-optional-beta-rpms,codeready-builder-beta-for-rhel-8-x86_64-rpms,rhel8-crb,all,all,x86_64,rpm,beta,beta
rhel-7-server-optional-beta-rpms,codeready-builder-htb-for-rhel-8-x86_64-rpms,rhel8-crb,all,all,x86_64,rpm,beta,htb
rhel-7-server-optional-htb-rpms,codeready-builder-for-rhel-8-x86_64-rpms,rhel8-crb,all,all,x86_64,rpm,htb,ga
rhel-7-server-optional-htb-rpms,codeready-builder-beta-for-rhel-8-x86_64-rpms,rhel8-crb,all,all,x86_64,rpm,htb,beta
rhel-7-server-optional-htb-rpms,codeready-builder-htb-for-rhel-8-x86_64-rpms,rhel8-crb,all,all,x86_64,rpm,htb,htb
rhel-7-server-supplementary-rpms,rhel-8-for-x86_64-supplementary-rpms,rhel8-supplementary,all,all,x86_64,rpm,ga,ga
rhel-7-server-supplementary-rpms,rhel-8-for-x86_64-supplementary-beta-rpms,rhel8-supplementary,all,all,x86_64,rpm,ga,beta
rhel-7-server-eus-supplementary-rpms,rhel-8-for-x86_64-supplementary-rpms,rhel8-supplementary,all,all,x86_64,rpm,ga,ga
rhel-7-server-eus-supplementary-rpms,rhel-8-for-x86_64-supplementary-beta-rpms,rhel8-supplementary,all,all,x86_64,rpm,ga,beta
rhel-7-server-eus-supplementary-rpms,rhel-8-for-x86_64-supplementary-eus-rpms,rhel8-supplementary,all,all,x86_64,rpm,ga,ga
rhel-7-server-extras-rpms,rhel-8-for-x86_64-baseos-rpms,rhel8-baseos,all,all,x86_64,rpm,ga,ga
rhel-7-server-extras-rpms,rhel-8-for-x86_64-baseos-beta-rpms,rhel8-baseos,all,all,x86_64,rpm,ga,beta
rhel-7-server-extras-rpms,rhel-8-for-x86_64-baseos-htb-rpms,rhel8-baseos,all,all,x86_64,rpm,ga,htb
rhel-7-server-extras-rpms,rhel-8-for-x86_64-appstream-rpms,rhel8-appstream,all,all,x86_64,rpm,ga,ga
rhel-7-server-extras-rpms,rhel-8-for-x86_64-appstream-beta-rpms,rhel8-appstream,all,all,x86_64,rpm,ga,beta
rhel-7-server-extras-rpms,rhel-8-for-x86_64-appstream-htb-rpms,rhel8-appstream,all,all,x86_64,rpm,ga,htb
rhel-7-server-rt-rpms,rhel-8-for-x86_64-rt-rpms,rhel8-rt,all,all,x86_64,rpm,ga,ga
rhel-7-server-rt-rpms,rhel-8-for-x86_64-rt-beta-rpms,rhel8-rt,all,all,x86_64,rpm,ga,beta
rhel-7-server-rt-rpms,rhel-8-for-x86_64-rt-htb-rpms,rhel8-rt,all,all,x86_64,rpm,ga,htb
rhel-7-server-eus-rt-rpms,rhel-8-for-x86_64-rt-rpms,rhel8-rt,all,all,x86_64,rpm,ga,ga
rhel-7-server-eus-rt-rpms,rhel-8-for-x86_64-rt-beta-rpms,rhel8-rt,all,all,x86_64,rpm,ga,beta
rhel-7-server-eus-rt-rpms,rhel-8-for-x86_64-rt-htb-rpms,rhel8-rt,all,all,x86_64,rpm,ga,htb
rhel-7-server-rt-rpms,rhel-8-for-x86_64-rt-rpms,rhel8-rt,all,all,x86_64,rpm,ga,ga
rhel-7-server-rt-rpms,rhel-8-for-x86_64-rt-beta-rpms,rhel8-rt,all,all,x86_64,rpm,ga,beta
rhel-7-server-rt-rpms,rhel-8-for-x86_64-rt-htb-rpms,rhel8-rt,all,all,x86_64,rpm,ga,htb
rhel-7-server-rt-beta-rpms,rhel-8-for-x86_64-rt-rpms,rhel8-rt,all,all,x86_64,rpm,beta,ga
rhel-7-server-rt-beta-rpms,rhel-8-for-x86_64-rt-beta-rpms,rhel8-rt,all,all,x86_64,rpm,beta,beta
rhel-7-server-rt-beta-rpms,rhel-8-for-x86_64-rt-htb-rpms,rhel8-rt,all,all,x86_64,rpm,beta,htb
rhel-7-server-rt-htb-rpms,rhel-8-for-x86_64-rt-rpms,rhel8-rt,all,all,x86_64,rpm,htb,ga
rhel-7-server-rt-htb-rpms,rhel-8-for-x86_64-rt-beta-rpms,rhel8-rt,all,all,x86_64,rpm,htb,beta
rhel-7-server-rt-htb-rpms,rhel-8-for-x86_64-rt-htb-rpms,rhel8-rt,all,all,x86_64,rpm,htb,htb
rhel-7-server-nfv-rpms,rhel-8-for-x86_64-nfv-rpms,rhel8-NFV,all,all,x86_64,rpm,ga,ga
rhel-7-server-nfv-rpms,rhel-8-for-x86_64-nfv-beta-rpms,rhel8-NFV,all,all,x86_64,rpm,ga,beta

# for SAP
rhel-sap-for-rhel-7-server-e4s-rpms,rhel-8-for-x86_64-sap-netweaver-beta-rpms,rhel8-SAP-NetWeaver,all,all,x86_64,rpm,ga,beta
rhel-sap-for-rhel-7-server-e4s-rpms,rhel-8-for-x86_64-sap-netweaver-htb-rpms,rhel8-SAP-NetWeaver,all,all,x86_64,rpm,ga,htb
rhel-sap-for-rhel-7-server-e4s-rpms,rhel-8-for-x86_64-sap-netweaver-e4s-rpms,rhel8-SAP-NetWeaver,all,all,x86_64,rpm,ga,ga
rhel-sap-hana-for-rhel-7-server-e4s-rpms,rhel-8-for-x86_64-sap-solutions-beta-rpms,rhel8-SAP-Solutions,all,all,x86_64,rpm,ga,beta
rhel-sap-hana-for-rhel-7-server-e4s-rpms,rhel-8-for-x86_64-sap-solutions-htb-rpms,rhel8-SAP-Solutions,all,all,x86_64,rpm,ga,htb
rhel-sap-hana-for-rhel-7-server-e4s-rpms,rhel-8-for-x86_64-sap-solutions-e4s-rpms,rhel8-SAP-Solutions,all,all,x86_64,rpm,ga,ga
rhel-ha-for-rhel-7-server-rpms,rhel-8-for-x86_64-highavailability-rpms,rhel8-HighAvailability,all,all,x86_64,rpm,ga,ga
rhel-ha-for-rhel-7-server-rpms,rhel-8-for-x86_64-highavailability-beta-rpms,rhel8-HighAvailability,all,all,x86_64,rpm,ga,beta
rhel-ha-for-rhel-7-server-rpms,rhel-8-for-x86_64-highavailability-htb-rpms,rhel8-HighAvailability,all,all,x86_64,rpm,ga,htb
rhel-ha-for-rhel-7-server-e4s-rpms,rhel-8-for-x86_64-highavailability-beta-rpms,rhel8-HighAvailability,all,all,x86_64,rpm,ga,beta
rhel-ha-for-rhel-7-server-e4s-rpms,rhel-8-for-x86_64-highavailability-htb-rpms,rhel8-HighAvailability,all,all,x86_64,rpm,ga,htb
rhel-ha-for-rhel-7-server-e4s-rpms,rhel-8-for-x86_64-highavailability-e4s-rpms,rhel8-HighAvailability,all,all,x86_64,rpm,ga,ga
rhel-ha-for-rhel-7-server-eus-rpms,rhel-8-for-x86_64-highavailability-rpms,rhel8-HighAvailability,all,all,x86_64,rpm,ga,ga
rhel-ha-for-rhel-7-server-eus-rpms,rhel-8-for-x86_64-highavailability-beta-rpms,rhel8-HighAvailability,all,all,x86_64,rpm,ga,beta
rhel-ha-for-rhel-7-server-eus-rpms,rhel-8-for-x86_64-highavailability-htb-rpms,rhel8-HighAvailability,all,all,x86_64,rpm,ga,htb
rhel-ha-for-rhel-7-server-eus-rpms,rhel-8-for-x86_64-highavailability-eus-rpms,rhel8-HighAvailability,all,all,x86_64,rpm,ga,ga
rhel-ha-for-rhel-7-server-beta-rpms,rhel-8-for-x86_64-highavailability-rpms,rhel8-HighAvailability,all,all,x86_64,rpm,beta,ga
rhel-ha-for-rhel-7-server-beta-rpms,rhel-8-for-x86_64-highavailability-beta-rpms,rhel8-HighAvailability,all,all,x86_64,rpm,beta,beta
rhel-ha-for-rhel-7-server-beta-rpms,rhel-8-for-x86_64-highavailability-htb-rpms,rhel8-HighAvailability,all,all,x86_64,rpm,beta,htb
rhel-ha-for-rhel-7-server-htb-rpms,rhel-8-for-x86_64-highavailability-rpms,rhel8-HighAvailability,all,all,x86_64,rpm,htb,ga
rhel-ha-for-rhel-7-server-htb-rpms,rhel-8-for-x86_64-highavailability-beta-rpms,rhel8-HighAvailability,all,all,x86_64,rpm,htb,beta
rhel-ha-for-rhel-7-server-htb-rpms,rhel-8-for-x86_64-highavailability-htb-rpms,rhel8-HighAvailability,all,all,x86_64,rpm,htb,htb

# ppc64le - kernel 3.x - Power 8
rhel-7-for-power-le-rpms,rhel-8-for-ppc64le-baseos-rpms,rhel8-baseos,all,all,ppc64le,rpm,ga,ga
rhel-7-for-power-le-rpms,rhel-8-for-ppc64le-baseos-beta-rpms,rhel8-baseos,all,all,ppc64le,rpm,ga,beta
rhel-7-for-power-le-rpms,rhel-8-for-ppc64le-baseos-htb-rpms,rhel8-baseos,all,all,ppc64le,rpm,ga,htb
rhel-7-for-power-le-e4s-rpms,rhel-8-for-ppc64le-baseos-beta-rpms,rhel8-baseos,all,all,ppc64le,rpm,ga,beta
rhel-7-for-power-le-e4s-rpms,rhel-8-for-ppc64le-baseos-htb-rpms,rhel8-baseos,all,all,ppc64le,rpm,ga,htb
rhel-7-for-power-le-e4s-rpms,rhel-8-for-ppc64le-baseos-e4s-rpms,rhel8-baseos,all,all,ppc64le,rpm,ga,ga
rhel-7-for-power-le-eus-rpms,rhel-8-for-ppc64le-baseos-rpms,rhel8-baseos,all,all,ppc64le,rpm,ga,ga
rhel-7-for-power-le-eus-rpms,rhel-8-for-ppc64le-baseos-beta-rpms,rhel8-baseos,all,all,ppc64le,rpm,ga,beta
rhel-7-for-power-le-eus-rpms,rhel-8-for-ppc64le-baseos-htb-rpms,rhel8-baseos,all,all,ppc64le,rpm,ga,htb
rhel-7-for-power-le-eus-rpms,rhel-8-for-ppc64le-baseos-eus-rpms,rhel8-baseos,all,all,ppc64le,rpm,ga,ga
rhel-7-for-power-le-beta-rpms,rhel-8-for-ppc64le-baseos-rpms,rhel8-baseos,all,all,ppc64le,rpm,beta,ga
rhel-7-for-power-le-beta-rpms,rhel-8-for-ppc64le-baseos-beta-rpms,rhel8-baseos,all,all,ppc64le,rpm,beta,beta
rhel-7-for-power-le-beta-rpms,rhel-8-for-ppc64le-baseos-htb-rpms,rhel8-baseos,all,all,ppc64le,rpm,beta,htb
rhel-7-for-power-le-rpms,rhel-8-for-ppc64le-appstream-rpms,rhel8-appstream,all,all,ppc64le,rpm,ga,ga
rhel-7-for-power-le-rpms,rhel-8-for-ppc64le-appstream-beta-rpms,rhel8-appstream,all,all,ppc64le,rpm,ga,beta
rhel-7-for-power-le-rpms,rhel-8-for-ppc64le-appstream-htb-rpms,rhel8-appstream,all,all,ppc64le,rpm,ga,htb
rhel-7-for-power-le-e4s-rpms,rhel-8-for-ppc64le-appstream-beta-rpms,rhel8-appstream,all,all,ppc64le,rpm,ga,beta
rhel-7-for-power-le-e4s-rpms,rhel-8-for-ppc64le-appstream-htb-rpms,rhel8-appstream,all,all,ppc64le,rpm,ga,htb
rhel-7-for-power-le-e4s-rpms,rhel-8-for-ppc64le-appstream-e4s-rpms,rhel8-appstream,all,all,ppc64le,rpm,ga,ga
rhel-7-for-power-le-eus-rpms,rhel-8-for-ppc64le-appstream-rpms,rhel8-appstream,all,all,ppc64le,rpm,ga,ga
rhel-7-for-power-le-eus-rpms,rhel-8-for-ppc64le-appstream-beta-rpms,rhel8-appstream,all,all,ppc64le,rpm,ga,beta
rhel-7-for-power-le-eus-rpms,rhel-8-for-ppc64le-appstream-htb-rpms,rhel8-appstream,all,all,ppc64le,rpm,ga,htb
rhel-7-for-power-le-eus-rpms,rhel-8-for-ppc64le-appstream-eus-rpms,rhel8-appstream,all,all,ppc64le,rpm,ga,ga
rhel-7-for-power-le-beta-rpms,rhel-8-for-ppc64le-appstream-rpms,rhel8-appstream,all,all,ppc64le,rpm,beta,ga
rhel-7-for-power-le-beta-rpms,rhel-8-for-ppc64le-appstream-beta-rpms,rhel8-appstream,all,all,ppc64le,rpm,beta,beta
rhel-7-for-power-le-beta-rpms,rhel-8-for-ppc64le-appstream-htb-rpms,rhel8-appstream,all,all,ppc64le,rpm,beta,htb
rhel-7-for-power-le-optional-rpms,codeready-builder-for-rhel-8-ppc64le-rpms,rhel8-crb,all,all,ppc64le,rpm,ga,ga
rhel-7-for-power-le-optional-rpms,codeready-builder-beta-for-rhel-8-ppc64le-rpms,rhel8-crb,all,all,ppc64le,rpm,ga,beta
rhel-7-for-power-le-optional-rpms,codeready-builder-htb-for-rhel-8-ppc64le-rpms,rhel8-crb,all,all,ppc64le,rpm,ga,htb
rhel-7-for-power-le-e4s-optional-rpms,codeready-builder-for-rhel-8-ppc64le-rpms,rhel8-crb,all,all,ppc64le,rpm,ga,ga
rhel-7-for-power-le-e4s-optional-rpms,codeready-builder-beta-for-rhel-8-ppc64le-rpms,rhel8-crb,all,all,ppc64le,rpm,ga,beta
rhel-7-for-power-le-e4s-optional-rpms,codeready-builder-htb-for-rhel-8-ppc64le-rpms,rhel8-crb,all,all,ppc64le,rpm,ga,htb
rhel-7-for-power-le-eus-optional-rpms,codeready-builder-for-rhel-8-ppc64le-rpms,rhel8-crb,all,all,ppc64le,rpm,ga,ga
rhel-7-for-power-le-eus-optional-rpms,codeready-builder-beta-for-rhel-8-ppc64le-rpms,rhel8-crb,all,all,ppc64le,rpm,ga,beta
rhel-7-for-power-le-eus-optional-rpms,codeready-builder-htb-for-rhel-8-ppc64le-rpms,rhel8-crb,all,all,ppc64le,rpm,ga,htb
rhel-7-for-power-le-optional-rpms,codeready-builder-for-rhel-8-ppc64le-rpms,rhel8-crb,all,all,ppc64le,rpm,ga,ga
rhel-7-for-power-le-optional-rpms,codeready-builder-beta-for-rhel-8-ppc64le-rpms,rhel8-crb,all,all,ppc64le,rpm,ga,beta
rhel-7-for-power-le-optional-rpms,codeready-builder-htb-for-rhel-8-ppc64le-rpms,rhel8-crb,all,all,ppc64le,rpm,ga,htb
rhel-7-for-power-le-optional-beta-rpms,codeready-builder-for-rhel-8-ppc64le-rpms,rhel8-crb,all,all,ppc64le,rpm,beta,ga
rhel-7-for-power-le-optional-beta-rpms,codeready-builder-beta-for-rhel-8-ppc64le-rpms,rhel8-crb,all,all,ppc64le,rpm,beta,beta
rhel-7-for-power-le-optional-beta-rpms,codeready-builder-htb-for-rhel-8-ppc64le-rpms,rhel8-crb,all,all,ppc64le,rpm,beta,htb
rhel-7-for-power-le-supplementary-rpms,rhel-8-for-ppc64le-supplementary-rpms,rhel8-supplementary,all,all,ppc64le,rpm,ga,ga
rhel-7-for-power-le-supplementary-rpms,rhel-8-for-ppc64le-supplementary-beta-rpms,rhel8-supplementary,all,all,ppc64le,rpm,ga,beta
rhel-7-for-power-le-eus-supplementary-rpms,rhel-8-for-ppc64le-supplementary-rpms,rhel8-supplementary,all,all,ppc64le,rpm,ga,ga
rhel-7-for-power-le-eus-supplementary-rpms,rhel-8-for-ppc64le-supplementary-beta-rpms,rhel8-supplementary,all,all,ppc64le,rpm,ga,beta
rhel-7-for-power-le-eus-supplementary-rpms,rhel-8-for-ppc64le-supplementary-eus-rpms,rhel8-supplementary,all,all,ppc64le,rpm,ga,ga
rhel-7-for-power-le-extras-rpms,rhel-8-for-ppc64le-baseos-rpms,rhel8-baseos,all,all,ppc64le,rpm,ga,ga
rhel-7-for-power-le-extras-rpms,rhel-8-for-ppc64le-baseos-beta-rpms,rhel8-baseos,all,all,ppc64le,rpm,ga,beta
rhel-7-for-power-le-extras-rpms,rhel-8-for-ppc64le-baseos-htb-rpms,rhel8-baseos,all,all,ppc64le,rpm,ga,htb
rhel-7-for-power-le-extras-rpms,rhel-8-for-ppc64le-appstream-rpms,rhel8-appstream,all,all,ppc64le,rpm,ga,ga
rhel-7-for-power-le-extras-rpms,rhel-8-for-ppc64le-appstream-beta-rpms,rhel8-appstream,all,all,ppc64le,rpm,ga,beta
rhel-7-for-power-le-extras-rpms,rhel-8-for-ppc64le-appstream-htb-rpms,rhel8-appstream,all,all,ppc64le,rpm,ga,htb

# for SAP
rhel-sap-for-rhel-7-for-power-le-e4s-rpms,rhel-8-for-ppc64le-sap-netweaver-beta-rpms,rhel8-SAP-NetWeaver,all,all,ppc64le,rpm,ga,beta
rhel-sap-for-rhel-7-for-power-le-e4s-rpms,rhel-8-for-ppc64le-sap-netweaver-htb-rpms,rhel8-SAP-NetWeaver,all,all,ppc64le,rpm,ga,htb
rhel-sap-for-rhel-7-for-power-le-e4s-rpms,rhel-8-for-ppc64le-sap-netweaver-e4s-rpms,rhel8-SAP-NetWeaver,all,all,ppc64le,rpm,ga,ga
rhel-sap-hana-for-rhel-7-for-power-le-e4s-rpms,rhel-8-for-ppc64le-sap-solutions-beta-rpms,rhel8-SAP-Solutions,all,all,ppc64le,rpm,ga,beta
rhel-sap-hana-for-rhel-7-for-power-le-e4s-rpms,rhel-8-for-ppc64le-sap-solutions-htb-rpms,rhel8-SAP-Solutions,all,all,ppc64le,rpm,ga,htb
rhel-sap-hana-for-rhel-7-for-power-le-e4s-rpms,rhel-8-for-ppc64le-sap-solutions-e4s-rpms,rhel8-SAP-Solutions,all,all,ppc64le,rpm,ga,ga


# ppc64le - kernel 4.x - Power 9
rhel-7-for-power-9-rpms,rhel-8-for-ppc64le-baseos-rpms,rhel8-baseos,all,all,ppc64le,rpm,ga,ga
rhel-7-for-power-9-rpms,rhel-8-for-ppc64le-baseos-beta-rpms,rhel8-baseos,all,all,ppc64le,rpm,ga,beta
rhel-7-for-power-9-rpms,rhel-8-for-ppc64le-baseos-htb-rpms,rhel8-baseos,all,all,ppc64le,rpm,ga,htb
rhel-7-for-power-9-rpms,rhel-8-for-ppc64le-appstream-rpms,rhel8-appstream,all,all,ppc64le,rpm,ga,ga
rhel-7-for-power-9-rpms,rhel-8-for-ppc64le-appstream-beta-rpms,rhel8-appstream,all,all,ppc64le,rpm,ga,beta
rhel-7-for-power-9-rpms,rhel-8-for-ppc64le-appstream-htb-rpms,rhel8-appstream,all,all,ppc64le,rpm,ga,htb
rhel-7-for-power-9-optional-rpms,codeready-builder-for-rhel-8-ppc64le-rpms,rhel8-crb,all,all,ppc64le,rpm,ga,ga
rhel-7-for-power-9-optional-rpms,codeready-builder-beta-for-rhel-8-ppc64le-rpms,rhel8-crb,all,all,ppc64le,rpm,ga,beta
rhel-7-for-power-9-optional-rpms,codeready-builder-htb-for-rhel-8-ppc64le-rpms,rhel8-crb,all,all,ppc64le,rpm,ga,htb
rhel-7-for-power-9-supplementary-rpms,rhel-8-for-ppc64le-supplementary-rpms,rhel8-supplementary,all,all,ppc64le,rpm,ga,ga
rhel-7-for-power-9-supplementary-rpms,rhel-8-for-ppc64le-supplementary-beta-rpms,rhel8-supplementary,all,all,ppc64le,rpm,ga,beta
rhel-7-for-power-9-extras-rpms,rhel-8-for-ppc64le-baseos-rpms,rhel8-baseos,all,all,ppc64le,rpm,ga,ga
rhel-7-for-power-9-extras-rpms,rhel-8-for-ppc64le-baseos-beta-rpms,rhel8-baseos,all,all,ppc64le,rpm,ga,beta
rhel-7-for-power-9-extras-rpms,rhel-8-for-ppc64le-baseos-htb-rpms,rhel8-baseos,all,all,ppc64le,rpm,ga,htb
rhel-7-for-power-9-extras-rpms,rhel-8-for-ppc64le-appstream-rpms,rhel8-appstream,all,all,ppc64le,rpm,ga,ga
rhel-7-for-power-9-extras-rpms,rhel-8-for-ppc64le-appstream-beta-rpms,rhel8-appstream,all,all,ppc64le,rpm,ga,beta
rhel-7-for-power-9-extras-rpms,rhel-8-for-ppc64le-appstream-htb-rpms,rhel8-appstream,all,all,ppc64le,rpm,ga,htb

# s390x - kernel 3.x
rhel-7-for-system-z-rpms,rhel-8-for-s390x-baseos-rpms,rhel8-baseos,all,all,s390x,rpm,ga,ga
rhel-7-for-system-z-rpms,rhel-8-for-s390x-baseos-beta-rpms,rhel8-baseos,all,all,s390x,rpm,ga,beta
rhel-7-for-system-z-rpms,rhel-8-for-s390x-baseos-htb-rpms,rhel8-baseos,all,all,s390x,rpm,ga,htb
rhel-7-for-system-z-eus-rpms,rhel-8-for-s390x-baseos-rpms,rhel8-baseos,all,all,s390x,rpm,ga,ga
rhel-7-for-system-z-eus-rpms,rhel-8-for-s390x-baseos-beta-rpms,rhel8-baseos,all,all,s390x,rpm,ga,beta
rhel-7-for-system-z-eus-rpms,rhel-8-for-s390x-baseos-htb-rpms,rhel8-baseos,all,all,s390x,rpm,ga,htb
rhel-7-for-system-z-eus-rpms,rhel-8-for-s390x-baseos-eus-rpms,rhel8-baseos,all,all,s390x,rpm,ga,ga
rhel-7-for-system-z-beta-rpms,rhel-8-for-s390x-baseos-rpms,rhel8-baseos,all,all,s390x,rpm,beta,ga
rhel-7-for-system-z-beta-rpms,rhel-8-for-s390x-baseos-beta-rpms,rhel8-baseos,all,all,s390x,rpm,beta,beta
rhel-7-for-system-z-beta-rpms,rhel-8-for-s390x-baseos-htb-rpms,rhel8-baseos,all,all,s390x,rpm,beta,htb
rhel-7-for-system-z-htb-rpms,rhel-8-for-s390x-baseos-rpms,rhel8-baseos,all,all,s390x,rpm,htb,ga
rhel-7-for-system-z-htb-rpms,rhel-8-for-s390x-baseos-beta-rpms,rhel8-baseos,all,all,s390x,rpm,htb,beta
rhel-7-for-system-z-htb-rpms,rhel-8-for-s390x-baseos-htb-rpms,rhel8-baseos,all,all,s390x,rpm,htb,htb
rhel-7-for-system-z-rpms,rhel-8-for-s390x-appstream-rpms,rhel8-appstream,all,all,s390x,rpm,ga,ga
rhel-7-for-system-z-rpms,rhel-8-for-s390x-appstream-beta-rpms,rhel8-appstream,all,all,s390x,rpm,ga,beta
rhel-7-for-system-z-rpms,rhel-8-for-s390x-appstream-htb-rpms,rhel8-appstream,all,all,s390x,rpm,ga,htb
rhel-7-for-system-z-eus-rpms,rhel-8-for-s390x-appstream-rpms,rhel8-appstream,all,all,s390x,rpm,ga,ga
rhel-7-for-system-z-eus-rpms,rhel-8-for-s390x-appstream-beta-rpms,rhel8-appstream,all,all,s390x,rpm,ga,beta
rhel-7-for-system-z-eus-rpms,rhel-8-for-s390x-appstream-htb-rpms,rhel8-appstream,all,all,s390x,rpm,ga,htb
rhel-7-for-system-z-eus-rpms,rhel-8-for-s390x-appstream-eus-rpms,rhel8-appstream,all,all,s390x,rpm,ga,ga
rhel-7-for-system-z-beta-rpms,rhel-8-for-s390x-appstream-rpms,rhel8-appstream,all,all,s390x,rpm,beta,ga
rhel-7-for-system-z-beta-rpms,rhel-8-for-s390x-appstream-beta-rpms,rhel8-appstream,all,all,s390x,rpm,beta,beta
rhel-7-for-system-z-beta-rpms,rhel-8-for-s390x-appstream-htb-rpms,rhel8-appstream,all,all,s390x,rpm,beta,htb
rhel-7-for-system-z-htb-rpms,rhel-8-for-s390x-appstream-rpms,rhel8-appstream,all,all,s390x,rpm,htb,ga
rhel-7-for-system-z-htb-rpms,rhel-8-for-s390x-appstream-beta-rpms,rhel8-appstream,all,all,s390x,rpm,htb,beta
rhel-7-for-system-z-htb-rpms,rhel-8-for-s390x-appstream-htb-rpms,rhel8-appstream,all,all,s390x,rpm,htb,htb
rhel-7-for-system-z-optional-rpms,codeready-builder-for-rhel-8-s390x-rpms,rhel8-crb,all,all,s390x,rpm,ga,ga
rhel-7-for-system-z-optional-rpms,codeready-builder-beta-for-rhel-8-s390x-rpms,rhel8-crb,all,all,s390x,rpm,ga,beta
rhel-7-for-system-z-optional-rpms,codeready-builder-htb-for-rhel-8-s390x-rpms,rhel8-crb,all,all,s390x,rpm,ga,htb
rhel-7-for-system-z-eus-optional-rpms,codeready-builder-for-rhel-8-s390x-rpms,rhel8-crb,all,all,s390x,rpm,ga,ga
rhel-7-for-system-z-eus-optional-rpms,codeready-builder-beta-for-rhel-8-s390x-rpms,rhel8-crb,all,all,s390x,rpm,ga,beta
rhel-7-for-system-z-eus-optional-rpms,codeready-builder-htb-for-rhel-8-s390x-rpms,rhel8-crb,all,all,s390x,rpm,ga,htb
rhel-7-for-system-z-optional-rpms,codeready-builder-for-rhel-8-s390x-rpms,rhel8-crb,all,all,s390x,rpm,ga,ga
rhel-7-for-system-z-optional-rpms,codeready-builder-beta-for-rhel-8-s390x-rpms,rhel8-crb,all,all,s390x,rpm,ga,beta
rhel-7-for-system-z-optional-rpms,codeready-builder-htb-for-rhel-8-s390x-rpms,rhel8-crb,all,all,s390x,rpm,ga,htb
rhel-7-for-system-z-optional-beta-rpms,codeready-builder-for-rhel-8-s390x-rpms,rhel8-crb,all,all,s390x,rpm,beta,ga
rhel-7-for-system-z-optional-beta-rpms,codeready-builder-beta-for-rhel-8-s390x-rpms,rhel8-crb,all,all,s390x,rpm,beta,beta
rhel-7-for-system-z-optional-beta-rpms,codeready-builder-htb-for-rhel-8-s390x-rpms,rhel8-crb,all,all,s390x,rpm,beta,htb
rhel-7-for-system-z-optional-htb-rpms,codeready-builder-for-rhel-8-s390x-rpms,rhel8-crb,all,all,s390x,rpm,htb,ga
rhel-7-for-system-z-optional-htb-rpms,codeready-builder-beta-for-rhel-8-s390x-rpms,rhel8-crb,all,all,s390x,rpm,htb,beta
rhel-7-for-system-z-optional-htb-rpms,codeready-builder-htb-for-rhel-8-s390x-rpms,rhel8-crb,all,all,s390x,rpm,htb,htb
rhel-7-for-system-z-supplementary-rpms,rhel-8-for-s390x-supplementary-rpms,rhel8-supplementary,all,all,s390x,rpm,ga,ga
rhel-7-for-system-z-supplementary-rpms,rhel-8-for-s390x-supplementary-beta-rpms,rhel8-supplementary,all,all,s390x,rpm,ga,beta
rhel-7-for-system-z-eus-supplementary-rpms,rhel-8-for-s390x-supplementary-rpms,rhel8-supplementary,all,all,s390x,rpm,ga,ga
rhel-7-for-system-z-eus-supplementary-rpms,rhel-8-for-s390x-supplementary-beta-rpms,rhel8-supplementary,all,all,s390x,rpm,ga,beta
rhel-7-for-system-z-eus-supplementary-rpms,rhel-8-for-s390x-supplementary-eus-rpms,rhel8-supplementary,all,all,s390x,rpm,ga,ga
rhel-7-for-system-z-extras-rpms,rhel-8-for-s390x-baseos-rpms,rhel8-baseos,all,all,s390x,rpm,ga,ga
rhel-7-for-system-z-extras-rpms,rhel-8-for-s390x-baseos-beta-rpms,rhel8-baseos,all,all,s390x,rpm,ga,beta
rhel-7-for-system-z-extras-rpms,rhel-8-for-s390x-baseos-htb-rpms,rhel8-baseos,all,all,s390x,rpm,ga,htb
rhel-7-for-system-z-extras-rpms,rhel-8-for-s390x-appstream-rpms,rhel8-appstream,all,all,s390x,rpm,ga,ga
rhel-7-for-system-z-extras-rpms,rhel-8-for-s390x-appstream-beta-rpms,rhel8-appstream,all,all,s390x,rpm,ga,beta
rhel-7-for-system-z-extras-rpms,rhel-8-for-s390x-appstream-htb-rpms,rhel8-appstream,all,all,s390x,rpm,ga,htb

# SAP Netweaver
rhel-sap-for-rhel-7-for-system-z-rpms,rhel-8-for-s390x-sap-netweaver-rpms,rhel8-SAP-NetWeaver,all,all,s390x,rpm,ga,ga
rhel-sap-for-rhel-7-for-system-z-rpms,rhel-8-for-s390x-sap-netweaver-beta-rpms,rhel8-SAP-NetWeaver,all,all,s390x,rpm,ga,beta
rhel-sap-for-rhel-7-for-system-z-rpms,rhel-8-for-s390x-sap-netweaver-htb-rpms,rhel8-SAP-NetWeaver,all,all,s390x,rpm,ga,htb
rhel-sap-for-rhel-7-for-system-z-eus-rpms,rhel-8-for-s390x-sap-netweaver-rpms,rhel8-SAP-NetWeaver,all,all,s390x,rpm,ga,ga
rhel-sap-for-rhel-7-for-system-z-eus-rpms,rhel-8-for-s390x-sap-netweaver-beta-rpms,rhel8-SAP-NetWeaver,all,all,s390x,rpm,ga,beta
rhel-sap-for-rhel-7-for-system-z-eus-rpms,rhel-8-for-s390x-sap-netweaver-htb-rpms,rhel8-SAP-NetWeaver,all,all,s390x,rpm,ga,htb
rhel-sap-for-rhel-7-for-system-z-eus-rpms,rhel-8-for-s390x-sap-netweaver-eus-rpms,rhel8-SAP-NetWeaver,all,all,s390x,rpm,ga,ga
rhel-sap-for-rhel-7-for-system-z-beta-rpms,rhel-8-for-s390x-sap-netweaver-rpms,rhel8-SAP-NetWeaver,all,all,s390x,rpm,beta,ga
rhel-sap-for-rhel-7-for-system-z-beta-rpms,rhel-8-for-s390x-sap-netweaver-beta-rpms,rhel8-SAP-NetWeaver,all,all,s390x,rpm,beta,beta
rhel-sap-for-rhel-7-for-system-z-beta-rpms,rhel-8-for-s390x-sap-netweaver-htb-rpms,rhel8-SAP-NetWeaver,all,all,s390x,rpm,beta,htb
rhel-ha-for-rhel-7-for-system-z-rpms,rhel-8-for-s390x-highavailability-rpms,rhel8-HighAvailability,all,all,s390x,rpm,ga,ga
rhel-ha-for-rhel-7-for-system-z-rpms,rhel-8-for-s390x-highavailability-beta-rpms,rhel8-HighAvailability,all,all,s390x,rpm,ga,beta
rhel-ha-for-rhel-7-for-system-z-rpms,rhel-8-for-s390x-highavailability-htb-rpms,rhel8-HighAvailability,all,all,s390x,rpm,ga,htb
rhel-ha-for-rhel-7-for-system-z-beta-rpms,rhel-8-for-s390x-highavailability-rpms,rhel8-HighAvailability,all,all,s390x,rpm,beta,ga
rhel-ha-for-rhel-7-for-system-z-beta-rpms,rhel-8-for-s390x-highavailability-beta-rpms,rhel8-HighAvailability,all,all,s390x,rpm,beta,beta
rhel-ha-for-rhel-7-for-system-z-beta-rpms,rhel-8-for-s390x-highavailability-htb-rpms,rhel8-HighAvailability,all,all,s390x,rpm,beta,htb

# s390x - kernel 4.x - Structure A
rhel-7-for-system-z-a-rpms,rhel-8-for-s390x-baseos-rpms,rhel8-baseos,all,all,s390x,rpm,ga,ga
rhel-7-for-system-z-a-rpms,rhel-8-for-s390x-baseos-beta-rpms,rhel8-baseos,all,all,s390x,rpm,ga,beta
rhel-7-for-system-z-a-rpms,rhel-8-for-s390x-baseos-htb-rpms,rhel8-baseos,all,all,s390x,rpm,ga,htb
rhel-7-for-system-z-a-rpms,rhel-8-for-s390x-appstream-rpms,rhel8-appstream,all,all,s390x,rpm,ga,ga
rhel-7-for-system-z-a-rpms,rhel-8-for-s390x-appstream-beta-rpms,rhel8-appstream,all,all,s390x,rpm,ga,beta
rhel-7-for-system-z-a-rpms,rhel-8-for-s390x-appstream-htb-rpms,rhel8-appstream,all,all,s390x,rpm,ga,htb
rhel-7-for-system-z-a-optional-rpms,codeready-builder-for-rhel-8-s390x-rpms,rhel8-crb,all,all,s390x,rpm,ga,ga
rhel-7-for-system-z-a-optional-rpms,codeready-builder-beta-for-rhel-8-s390x-rpms,rhel8-crb,all,all,s390x,rpm,ga,beta
rhel-7-for-system-z-a-optional-rpms,codeready-builder-htb-for-rhel-8-s390x-rpms,rhel8-crb,all,all,s390x,rpm,ga,htb
rhel-7-for-system-z-a-extras-rpms,rhel-8-for-s390x-baseos-rpms,rhel8-baseos,all,all,s390x,rpm,ga,ga
rhel-7-for-system-z-a-extras-rpms,rhel-8-for-s390x-baseos-beta-rpms,rhel8-baseos,all,all,s390x,rpm,ga,beta
rhel-7-for-system-z-a-extras-rpms,rhel-8-for-s390x-baseos-htb-rpms,rhel8-baseos,all,all,s390x,rpm,ga,htb
rhel-7-for-system-z-a-extras-rpms,rhel-8-for-s390x-appstream-rpms,rhel8-appstream,all,all,s390x,rpm,ga,ga
rhel-7-for-system-z-a-extras-rpms,rhel-8-for-s390x-appstream-beta-rpms,rhel8-appstream,all,all,s390x,rpm,ga,beta
rhel-7-for-system-z-a-extras-rpms,rhel-8-for-s390x-appstream-htb-rpms,rhel8-appstream,all,all,s390x,rpm,ga,htb

# aarch64
rhel-7-for-arm-64-rpms,rhel-8-for-aarch64-baseos-rpms,rhel8-baseos,all,all,aarch64,rpm,ga,ga
rhel-7-for-arm-64-rpms,rhel-8-for-aarch64-baseos-beta-rpms,rhel8-baseos,all,all,aarch64,rpm,ga,beta
rhel-7-for-arm-64-rpms,rhel-8-for-aarch64-baseos-htb-rpms,rhel8-baseos,all,all,aarch64,rpm,ga,htb
rhel-7-for-arm-64-rpms,rhel-8-for-aarch64-appstream-rpms,rhel8-appstream,all,all,aarch64,rpm,ga,ga
rhel-7-for-arm-64-rpms,rhel-8-for-aarch64-appstream-beta-rpms,rhel8-appstream,all,all,aarch64,rpm,ga,beta
rhel-7-for-arm-64-rpms,rhel-8-for-aarch64-appstream-htb-rpms,rhel8-appstream,all,all,aarch64,rpm,ga,htb
rhel-7-for-arm-64-optional-rpms,codeready-builder-for-rhel-8-aarch64-rpms,rhel8-crb,all,all,aarch64,rpm,ga,ga
rhel-7-for-arm-64-optional-rpms,codeready-builder-beta-for-rhel-8-aarch64-rpms,rhel8-crb,all,all,aarch64,rpm,ga,beta
rhel-7-for-arm-64-optional-rpms,codeready-builder-htb-for-rhel-8-aarch64-rpms,rhel8-crb,all,all,aarch64,rpm,ga,htb
rhel-7-for-arm-64-extras-rpms,rhel-8-for-aarch64-baseos-rpms,rhel8-baseos,all,all,aarch64,rpm,ga,ga
rhel-7-for-arm-64-extras-rpms,rhel-8-for-aarch64-baseos-beta-rpms,rhel8-baseos,all,all,aarch64,rpm,ga,beta
rhel-7-for-arm-64-extras-rpms,rhel-8-for-aarch64-baseos-htb-rpms,rhel8-baseos,all,all,aarch64,rpm,ga,htb
rhel-7-for-arm-64-extras-rpms,rhel-8-for-aarch64-appstream-rpms,rhel8-appstream,all,all,aarch64,rpm,ga,ga
rhel-7-for-arm-64-extras-rpms,rhel-8-for-aarch64-appstream-beta-rpms,rhel8-appstream,all,all,aarch64,rpm,ga,beta
rhel-7-for-arm-64-extras-rpms,rhel-8-for-aarch64-appstream-htb-rpms,rhel8-appstream,all,all,aarch64,rpm,ga,htb

# x86_64 - RHUI - AWS
rhel-7-server-releases-rhui-beta,rhel-8-baseos-rhui-rpms,rhel8-baseos,all,all,x86_64,rpm,ga,ga
rhel-7-server-releases-rhui-beta,rhel-8-baseos-beta-rhui-rpms,rhel8-baseos,all,all,x86_64,rpm,ga,beta
rhel-7-server-releases-rhui-beta,rhel-8-appstream-rhui-rpms,rhel8-appstream,all,all,x86_64,rpm,ga,ga
rhel-7-server-releases-rhui-beta,rhel-8-appstream-beta-rhui-rpms,rhel8-appstream,all,all,x86_64,rpm,ga,beta
rhel-7-server-releases-rhui-optional-beta,codeready-builder-for-rhel-8-rhui-rpms,rhel8-baseos,all,all,x86_64,rpm,ga,ga
rhel-7-server-rhui-rpms,rhel-8-baseos-rhui-rpms,rhel8-baseos,all,all,x86_64,rpm,ga,ga
rhel-7-server-rhui-rpms,rhel-8-baseos-beta-rhui-rpms,rhel8-baseos,all,all,x86_64,rpm,ga,beta
rhel-7-server-e4s-rhui-rpms,rhel-8-baseos-beta-rhui-rpms,rhel8-baseos,all,all,x86_64,rpm,ga,beta
rhel-7-server-aus-rhui-rpms,rhel-8-baseos-rhui-rpms,rhel8-baseos,all,all,x86_64,rpm,ga,ga
rhel-7-server-aus-rhui-rpms,rhel-8-baseos-beta-rhui-rpms,rhel8-baseos,all,all,x86_64,rpm,ga,beta
rhel-7-server-rhui-rpms,rhel-8-appstream-rhui-rpms,rhel8-appstream,all,all,x86_64,rpm,ga,ga
rhel-7-server-rhui-rpms,rhel-8-appstream-beta-rhui-rpms,rhel8-appstream,all,all,x86_64,rpm,ga,beta
rhel-7-server-e4s-rhui-rpms,rhel-8-appstream-beta-rhui-rpms,rhel8-appstream,all,all,x86_64,rpm,ga,beta
rhel-7-server-aus-rhui-rpms,rhel-8-appstream-rhui-rpms,rhel8-appstream,all,all,x86_64,rpm,ga,ga
rhel-7-server-aus-rhui-rpms,rhel-8-appstream-beta-rhui-rpms,rhel8-appstream,all,all,x86_64,rpm,ga,beta
rhel-7-server-rhui-rpms,rhel-8-baseos-rhui-rpms,rhel8-baseos,all,all,x86_64,rpm,ga,ga
rhel-7-server-rhui-rpms,rhel-8-baseos-beta-rhui-rpms,rhel8-baseos,all,all,x86_64,rpm,ga,beta
rhel-7-server-rhui-eus-rpms,rhel-8-baseos-rhui-rpms,rhel8-baseos,all,all,x86_64,rpm,ga,ga
rhel-7-server-rhui-eus-rpms,rhel-8-baseos-beta-rhui-rpms,rhel8-baseos,all,all,x86_64,rpm,ga,beta
rhel-7-server-rhui-beta-rpms,rhel-8-baseos-rhui-rpms,rhel8-baseos,all,all,x86_64,rpm,beta,ga
rhel-7-server-rhui-beta-rpms,rhel-8-baseos-beta-rhui-rpms,rhel8-baseos,all,all,x86_64,rpm,beta,beta
rhel-7-server-rhui-rpms,rhel-8-appstream-rhui-rpms,rhel8-appstream,all,all,x86_64,rpm,ga,ga
rhel-7-server-rhui-rpms,rhel-8-appstream-beta-rhui-rpms,rhel8-appstream,all,all,x86_64,rpm,ga,beta
rhel-7-server-rhui-eus-rpms,rhel-8-appstream-rhui-rpms,rhel8-appstream,all,all,x86_64,rpm,ga,ga
rhel-7-server-rhui-eus-rpms,rhel-8-appstream-beta-rhui-rpms,rhel8-appstream,all,all,x86_64,rpm,ga,beta
rhel-7-server-rhui-beta-rpms,rhel-8-appstream-rhui-rpms,rhel8-appstream,all,all,x86_64,rpm,beta,ga
rhel-7-server-rhui-beta-rpms,rhel-8-appstream-beta-rhui-rpms,rhel8-appstream,all,all,x86_64,rpm,beta,beta
rhel-7-server-rhui-optional-rpms,codeready-builder-for-rhel-8-rhui-rpms,rhel8-crb,all,all,x86_64,rpm,ga,ga
rhel-7-server-rhui-optional-beta-rpms,codeready-builder-for-rhel-8-rhui-rpms,rhel8-crb,all,all,x86_64,rpm,beta,ga
rhel-7-server-rhui-optional-rpms,codeready-builder-for-rhel-8-x86_64-rhui-rpms,rhel8-crb,all,all,x86_64,rpm,ga,ga
rhel-7-server-rhui-optional-beta-rpms,codeready-builder-for-rhel-8-x86_64-rhui-rpms,rhel8-crb,all,all,x86_64,rpm,beta,ga
rhel-7-server-rhui-optional-rpms,codeready-builder-for-rhel-8-rhui-rpms,rhel8-crb,all,all,x86_64,rpm,ga,ga
rhel-7-server-aus-rhui-optional-rpms,codeready-builder-for-rhel-8-rhui-rpms,rhel8-crb,all,all,x86_64,rpm,ga,ga
rhel-7-server-rhui-optional-rpms,codeready-builder-for-rhel-8-x86_64-rhui-rpms,rhel8-crb,all,all,x86_64,rpm,ga,ga
rhel-7-server-aus-rhui-optional-rpms,codeready-builder-for-rhel-8-x86_64-rhui-rpms,rhel8-crb,all,all,x86_64,rpm,ga,ga
rhel-7-server-e4s-optional-rhui-rpms,codeready-builder-for-rhel-8-rhui-rpms,rhel8-crb,all,all,x86_64,rpm,ga,ga
rhel-7-server-e4s-optional-rhui-rpms,codeready-builder-for-rhel-8-x86_64-rhui-rpms,rhel8-crb,all,all,x86_64,rpm,ga,ga
rhel-7-server-rhui-optional-rpms,codeready-builder-for-rhel-8-rhui-rpms,rhel8-crb,all,all,x86_64,rpm,ga,ga
rhel-7-server-rhui-eus-optional-rpms,codeready-builder-for-rhel-8-rhui-rpms,rhel8-crb,all,all,x86_64,rpm,ga,ga
rhel-7-server-rhui-optional-rpms,codeready-builder-for-rhel-8-x86_64-rhui-rpms,rhel8-crb,all,all,x86_64,rpm,ga,ga
rhel-7-server-rhui-eus-optional-rpms,codeready-builder-for-rhel-8-x86_64-rhui-rpms,rhel8-crb,all,all,x86_64,rpm,ga,ga
rhui-client-config-server-7,rhui-client-config-server-8,rhel8-rhui-client-config-server-8,all,all,x86_64,rpm,ga,ga
rhel-7-server-rhui-supplementary-rpms,rhel-8-supplementary-rhui-rpms,rhel8-supplementary,all,all,x86_64,rpm,ga,ga
rhel-7-server-rhui-supplementary-rpms,rhel-8-supplementary-beta-rhui-rpms,rhel8-supplementary,all,all,x86_64,rpm,ga,beta
rhel-7-server-rhui-supplementary-beta-rpms,rhel-8-supplementary-rhui-rpms,rhel8-supplementary,all,all,x86_64,rpm,beta,ga
rhel-7-server-rhui-supplementary-beta-rpms,rhel-8-supplementary-beta-rhui-rpms,rhel8-supplementary,all,all,x86_64,rpm,beta,beta
rhel-7-server-rhui-supplementary-rpms,rhel-8-supplementary-rhui-rpms,rhel8-supplementary,all,all,x86_64,rpm,ga,ga
rhel-7-server-rhui-supplementary-rpms,rhel-8-supplementary-beta-rhui-rpms,rhel8-supplementary,all,all,x86_64,rpm,ga,beta
rhel-7-server-rhui-eus-supplementary-rpms,rhel-8-supplementary-rhui-rpms,rhel8-supplementary,all,all,x86_64,rpm,ga,ga
rhel-7-server-rhui-eus-supplementary-rpms,rhel-8-supplementary-beta-rhui-rpms,rhel8-supplementary,all,all,x86_64,rpm,ga,beta

# aarch64 - RHUI - AWS
rhel-7-for-arm-64-rhui-rpms,rhel-8-baseos-rhui-rpms,rhel8-baseos,all,all,aarch64,rpm,ga,ga
rhel-7-for-arm-64-rhui-rpms,rhel-8-baseos-beta-rhui-rpms,rhel8-baseos,all,all,aarch64,rpm,ga,beta
rhel-7-for-arm-64-beta-rhui-rpms,rhel-8-baseos-rhui-rpms,rhel8-baseos,all,all,aarch64,rpm,beta,ga
rhel-7-for-arm-64-beta-rhui-rpms,rhel-8-baseos-beta-rhui-rpms,rhel8-baseos,all,all,aarch64,rpm,beta,beta
rhel-7-for-arm-64-rhui-rpms,rhel-8-appstream-rhui-rpms,rhel8-appstream,all,all,aarch64,rpm,ga,ga
rhel-7-for-arm-64-rhui-rpms,rhel-8-appstream-beta-rhui-rpms,rhel8-appstream,all,all,aarch64,rpm,ga,beta
rhel-7-for-arm-64-beta-rhui-rpms,rhel-8-appstream-rhui-rpms,rhel8-appstream,all,all,aarch64,rpm,beta,ga
rhel-7-for-arm-64-beta-rhui-rpms,rhel-8-appstream-beta-rhui-rpms,rhel8-appstream,all,all,aarch64,rpm,beta,beta
rhel-7-for-arm-64-rhui-optional-rpms,codeready-builder-for-rhel-8-rhui-rpms,rhel8-crb,all,all,aarch64,rpm,ga,ga
rhel-7-for-arm-64-optional-beta-rhui-rpms,codeready-builder-for-rhel-8-rhui-rpms,rhel8-crb,all,all,aarch64,rpm,beta,ga
rhel-7-for-arm-64-extras-rhui-rpms,rhel-8-baseos-rhui-rpms,rhel8-baseos,all,all,aarch64,rpm,ga,ga
rhel-7-for-arm-64-extras-rhui-rpms,rhel-8-baseos-beta-rhui-rpms,rhel8-baseos,all,all,aarch64,rpm,ga,beta
rhel-7-for-arm-64-extras-beta-rhui-rpms,rhel-8-baseos-rhui-rpms,rhel8-baseos,all,all,aarch64,rpm,beta,ga
rhel-7-for-arm-64-extras-beta-rhui-rpms,rhel-8-baseos-beta-rhui-rpms,rhel8-baseos,all,all,aarch64,rpm,beta,beta
rhel-7-for-arm-64-extras-rhui-rpms,rhel-8-appstream-rhui-rpms,rhel8-appstream,all,all,aarch64,rpm,ga,ga
rhel-7-for-arm-64-extras-rhui-rpms,rhel-8-appstream-beta-rhui-rpms,rhel8-appstream,all,all,aarch64,rpm,ga,beta
rhel-7-for-arm-64-extras-beta-rhui-rpms,rhel-8-appstream-rhui-rpms,rhel8-appstream,all,all,aarch64,rpm,beta,ga
rhel-7-for-arm-64-extras-beta-rhui-rpms,rhel-8-appstream-beta-rhui-rpms,rhel8-appstream,all,all,aarch64,rpm,beta,beta
rhui-client-config-server-7-arm,rhui-client-config-server-8,rhel8-rhui-client-config-server-8,all,all,aarch64,rpm,ga,ga

# x86_64 - RHUI - Azure
rhel-7-server-rhui-rpms,rhui-rhel-8-for-x86_64-baseos-rhui-rpms,rhel8-baseos,all,all,x86_64,rpm,ga,ga
rhel-7-server-rhui-rpms,rhui-rhel-8-for-x86_64-appstream-rhui-rpms,rhel8-appstream,all,all,x86_64,rpm,ga,ga
rhel-7-server-rhui-optional-rpms,rhui-codeready-builder-for-rhel-8-x86_64-rhui-rpms,rhel8-crb,all,all,x86_64,rpm,ga,ga
rhel-7-server-rhui-extras-rpms,rhui-rhel-8-for-x86_64-baseos-rhui-rpms,rhel8-baseos,all,all,x86_64,rpm,ga,ga
rhel-7-server-rhui-extras-rpms,rhui-rhel-8-for-x86_64-appstream-rhui-rpms,rhel8-appstream,all,all,x86_64,rpm,ga,ga
rhui-microsoft-azure-rhel7,rhui-microsoft-azure-rhel8,rhel8-rhui-microsoft-azure-rhel8,all,all,x86_64,rpm,ga,ga
# FIXME: unknown mapping for the repos below
#rhui-rhel-7-server-rhui-supplementary-rpms
